"userId","movieId","rating"
1,31,2.5
2,10,4
2,17,5
2,39,5
2,47,4
2,50,4
2,52,3
2,62,3
2,110,4
2,144,3
2,150,5
2,153,4
2,161,3
2,165,3
2,168,3
2,185,3
2,186,3
2,208,3
2,222,5
2,223,1
2,225,3
2,235,3
2,248,3
2,253,4
2,261,4
2,265,5
2,266,5
2,272,3
2,273,4
2,292,3
2,296,4
3,60,3
3,110,4
3,247,3.5
3,267,3
3,296,4.5
4,10,4
4,34,5
4,112,5
4,141,5
4,153,4
4,173,3
4,185,3
4,260,5
4,289,4
4,296,5
5,3,4
5,39,4
5,104,4
5,141,4
5,150,4
5,231,3.5
5,277,4.5
6,111,4
6,158,2
6,173,2
6,293,5
7,1,3
7,10,3
7,21,3
7,31,3
7,34,4
7,40,4
7,104,3
7,110,5
7,112,4
7,141,4
7,151,4
7,198,2
7,207,3
7,260,5
7,272,3
8,32,5
8,45,2.5
8,47,5
8,50,5
8,110,4
8,260,3.5
8,282,2
8,296,4
9,1,4
9,17,4
9,26,3
9,36,5
9,47,3
10,50,5
10,152,4
11,50,5
11,70,1
11,126,4
11,169,3
11,296,5
12,253,3
13,1,5
13,47,2.5
13,110,4
13,277,4
13,296,3.5
15,1,2
15,2,2
15,5,4.5
15,6,4
15,10,3
15,11,2.5
15,14,2.5
15,16,3.5
15,17,3
15,19,1
15,21,4.5
15,22,2.5
15,25,3
15,32,4
15,34,3
15,36,1
15,39,2.5
15,44,3
15,47,5
15,50,5
15,52,2.5
15,62,2
15,70,0.5
15,82,5
15,94,3
15,95,1.5
15,101,4
15,104,1
15,107,2
15,110,3
15,111,5
15,112,2.5
15,123,4
15,125,3.5
15,145,3.5
15,149,5
15,150,3
15,153,1
15,157,2
15,160,0.5
15,161,3
15,162,4
15,163,2
15,164,4
15,165,3
15,170,2.5
15,172,1
15,175,4
15,176,4
15,180,3
15,185,2
15,193,1
15,196,2
15,198,1.5
15,208,1.5
15,214,2
15,215,4.5
15,216,1
15,223,4
15,225,1
15,230,1
15,231,3.5
15,232,4
15,233,4
15,235,4
15,237,3.5
15,246,5
15,247,2
15,252,2
15,253,2
15,260,5
15,265,1
15,288,2
15,292,1
15,293,5
15,296,5
16,50,4.5
17,6,4.5
17,25,4.5
17,29,4.5
17,32,4.5
17,36,4.5
17,47,5
17,50,5
17,111,5
17,170,4
17,172,3.5
17,185,3
17,194,4
17,198,5
17,223,2.5
17,235,5
17,247,2
17,260,3.5
17,288,2
17,293,4
17,296,5
18,5,3
18,6,4
18,7,3
18,9,3
18,14,2
18,17,4
18,18,3
18,25,5
18,32,5
18,36,3
18,52,3
18,62,4
18,74,2
18,76,3
18,79,2
18,81,3
18,85,4
18,86,4
18,92,3
18,95,3
18,100,4
18,140,3
18,141,4
18,260,3
19,1,3
19,2,3
19,3,3
19,4,3
19,6,3
19,7,3
19,9,3
19,10,3
19,11,3
19,14,5
19,16,5
19,21,3
19,22,3
19,23,1
19,25,3
19,29,3
19,32,3
19,34,4
19,35,3
19,36,3
19,39,3
19,42,3
19,45,3
19,47,5
19,48,3
19,50,4
19,52,3
19,57,3
19,58,3
19,63,3
19,64,2
19,70,4
19,74,3
19,89,3
19,94,3
19,95,3
19,97,4
19,101,3
19,105,3
19,110,3
19,111,5
19,112,3
19,122,3
19,125,3
19,141,3
19,145,4
19,150,3
19,153,3
19,154,4
19,159,4
19,160,4
19,162,5
19,165,3
19,166,2
19,172,1
19,176,4
19,177,2
19,179,2
19,180,3
19,194,4
19,196,3
19,198,3
19,202,3
19,206,3
19,208,3
19,209,2
19,215,3
19,223,4
19,229,4
19,230,5
19,231,3
19,235,3
19,246,4
19,247,4
19,249,3
19,253,3
19,260,4
19,261,4
19,262,5
19,266,1
19,269,3
19,276,1
19,281,3
19,283,3
19,288,5
19,292,4
19,293,4
19,296,5
20,1,3.5
20,32,2.5
20,34,3.5
20,107,3.5
20,110,2
20,150,3
20,153,4
20,207,2.5
20,231,1
20,260,1.5
20,296,0.5
21,10,3
21,21,3
21,32,4
21,34,4
21,36,3
21,44,3
21,47,4
21,95,3
21,112,4
21,151,4
21,181,2
21,196,3
21,208,2
21,260,3
21,266,3
21,273,3
21,288,3
21,296,3
22,32,4.5
22,44,2
22,47,3.5
22,48,2
22,70,3
22,153,3
22,158,1
22,163,4.5
22,173,1.5
22,208,2
22,231,2.5
22,235,2
22,253,4.5
22,260,4
22,267,2
22,296,5
23,1,3
23,6,3.5
23,11,3.5
23,16,4
23,19,2
23,20,1.5
23,24,3.5
23,32,4
23,34,3.5
23,47,4.5
23,50,4
23,58,3.5
23,62,4
23,89,4
23,104,3.5
23,110,3.5
23,111,5
23,150,3.5
23,153,3
23,154,4
23,172,2.5
23,185,3.5
23,224,4
23,235,4
23,236,4.5
23,246,4.5
23,247,4
23,252,4
23,253,3.5
23,260,4.5
23,262,4
23,265,3.5
23,292,2.5
23,293,4
23,296,4.5
24,6,5
24,36,3
24,81,4
24,95,3
24,150,3
24,165,4
24,296,5
25,3,3
25,32,4
25,78,3
25,104,4
25,260,4
26,1,5
26,32,4.5
26,47,4.5
26,50,4.5
26,63,0.5
26,69,4.5
26,153,3.5
26,165,2.5
26,260,3
26,296,3.5
27,50,4
27,73,5
27,111,4
27,296,4
28,21,5
28,58,5
28,110,4
30,1,4
30,2,2
30,6,4
30,8,4
30,11,4
30,14,4
30,16,5
30,18,2
30,21,5
30,23,4
30,25,4
30,32,2
30,34,4
30,42,3
30,45,3
30,47,4
30,50,5
30,52,5
30,60,2
30,70,4
30,78,2
30,100,4
30,110,5
30,111,4
30,118,3
30,141,4
30,150,5
30,158,3
30,161,5
30,162,1
30,165,4
30,170,4
30,196,2
30,203,3
30,208,2
30,209,2
30,224,4
30,227,2
30,228,2
30,235,4
30,253,4
30,254,3
30,260,4
30,261,4
30,272,4
30,281,4
30,282,5
30,288,1
30,296,5
31,31,4
31,32,4.5
31,50,3.5
31,111,4.5
31,260,4
31,296,4.5
32,2,4
32,19,3
32,31,4
32,44,3
32,110,5
32,150,5
32,153,4
32,158,3
32,165,4
32,168,3
32,173,3
32,204,4
32,208,4
32,225,2
32,231,5
32,252,3
32,261,4
32,266,3
32,292,5
32,296,2
33,19,3
33,88,3
33,157,1
33,231,3
34,6,3
34,21,4
34,32,5
34,39,3
34,47,5
34,50,5
34,70,4
34,110,4
34,150,4
34,198,3
34,253,4
34,260,4
34,288,4
34,293,4
34,296,5
35,24,2.5
35,230,1.5
35,247,3
36,6,3
36,16,3
36,18,4
36,21,3
36,25,4
36,31,3
36,32,5
36,36,4
36,41,3
36,45,4
36,50,4
36,52,3
36,55,4
36,57,4
36,58,5
36,68,4
36,111,4
36,144,4
36,145,3
36,147,3
36,151,3
36,165,3
36,216,3
36,223,5
36,232,5
36,236,3
36,242,4
36,246,4
36,248,2
36,249,4
36,252,3
36,253,4
36,256,3
36,260,5
36,261,4
36,265,5
36,272,4
36,273,3
36,277,3
36,282,3
36,288,4
36,293,5
36,296,4
37,1,4
38,16,4.5
38,47,4
38,110,4
38,293,4.5
38,296,5
39,6,4
39,10,5
39,16,5
39,21,3
39,22,4
39,31,3
39,47,4
39,50,3
39,69,3
39,70,5
39,73,3
39,76,3
39,110,5
39,145,3
39,150,4
39,153,3
39,160,3
39,162,5
39,165,5
39,168,3
39,170,3
39,175,3
39,177,4
39,180,5
39,188,2
39,198,5
39,220,4
39,223,4
39,231,4
39,253,4
39,273,3
39,285,4
39,288,4
39,293,4
39,296,5
40,50,4.5
40,260,4.5
41,2,3.5
41,29,4
41,110,4
41,130,4.5
41,165,4
41,172,3.5
41,173,4
41,196,3
41,208,4
41,233,4
41,253,4
41,260,4
41,262,4.5
42,110,4
42,165,3.5
42,260,4.5
42,296,5
43,1,4
43,34,4
43,39,4
43,70,2
43,104,2
43,110,5
43,216,1
43,223,3
43,231,3
44,1,4
44,3,5
44,5,3
44,6,3
44,17,2
44,25,3
44,32,3
44,62,5
44,95,3
44,104,4
44,135,4
44,141,2
44,260,3
46,73,5
47,1,5
47,2,5
47,10,4
47,32,4
47,39,3
47,50,4
47,95,3
47,110,5
47,150,4
47,153,4
47,160,3
47,161,5
47,165,4
47,173,5
47,208,3
47,231,3
47,236,4
47,253,3
47,266,3
47,288,4
47,292,5
47,296,4
48,1,4
48,2,3.5
48,34,3
48,110,4
48,111,3
48,158,3
48,163,3.5
48,223,2.5
48,231,3.5
48,288,3.5
48,293,5
48,296,4.5
49,2,5
49,60,3
49,161,4
49,173,2
49,258,1
50,10,4
50,21,3
50,39,2
50,47,3
50,95,3
50,110,4
50,150,3
50,160,3
50,161,4
50,165,4
50,185,3
50,208,3
50,231,1
50,253,3
50,282,3
50,292,4
50,296,4
53,111,4
53,165,4
53,238,1
55,1,3
55,5,3
55,6,5
55,7,2
55,9,3
55,32,4
55,65,5
55,74,3
55,79,3
55,95,3
55,100,3
55,104,5
55,112,3
55,141,4
55,260,5
56,1,4
56,10,4
56,16,4
56,21,2
56,29,4
56,39,5
56,47,4
56,50,4
56,101,4
56,104,4
56,111,4
56,147,2
56,160,2
56,176,4
56,216,4
56,223,4
56,231,2
56,246,5
56,250,5
56,260,2
56,292,2
56,293,4
56,296,4
57,11,5
57,17,5
57,21,4
57,34,5
57,110,5
57,151,5
57,163,4
57,164,3
57,260,4
57,265,5
57,293,5
58,11,5
58,19,1
58,150,5
59,11,2.5
59,32,4.5
59,50,5
59,111,2.5
59,150,4
59,223,3.5
59,231,2
59,292,1
59,296,4
60,16,4.5
60,21,3
60,111,4.5
60,163,4
60,173,3.5
60,235,5
61,2,3.5
61,34,2
61,48,2.5
61,50,5
61,104,4
61,158,1.5
61,231,4
62,111,4
62,260,4
63,1,5
63,11,3.5
63,16,5
63,58,0.5
63,112,3
63,150,4
63,151,0.5
63,246,0.5
63,260,5
64,110,4
64,150,3
64,153,5
64,165,3
64,168,3
64,231,3
64,253,5
64,266,5
64,296,5
65,260,4
66,21,4
66,22,2
66,105,2
66,110,4
66,260,5
67,1,3
67,6,5
67,12,3
67,16,4
67,17,4
67,18,4
67,28,5
67,34,5
67,42,3
67,43,4
67,60,4
67,62,3
67,86,5
67,88,3
67,94,3
67,95,1
67,104,3
67,107,3
67,110,5
67,112,3
67,141,1
67,151,5
67,198,4
67,238,3
67,260,4
67,265,5
67,266,3
67,272,5
67,277,4
67,279,5
67,280,5
67,282,5
67,288,4
67,293,4
67,294,3
67,296,5
68,1,4
68,2,3
68,11,3.5
68,150,4
68,260,3
69,1,5
69,2,3.5
69,5,5
69,19,4
69,34,4
69,39,4.5
69,48,4.5
69,104,4
69,158,3
69,231,4
69,262,4
69,296,3.5
70,1,5
70,3,5
70,5,5
70,7,3
70,9,3
70,12,3
70,14,3
70,17,4
70,25,5
70,26,5
70,32,4
70,36,4
70,52,4
70,58,5
70,61,4
70,62,5
70,63,4
70,65,3
70,76,4
70,79,4
70,81,4
70,82,4
70,86,4
70,88,3
70,92,5
70,95,5
70,100,4
70,104,3
70,107,5
70,112,5
70,135,4
70,141,5
72,1,3.5
72,2,2.5
72,47,3.5
72,50,4
72,110,3.5
72,150,3.5
72,260,3
72,296,4
73,1,5
73,2,2.5
73,6,4.5
73,10,3
73,15,2.5
73,16,4
73,19,1.5
73,21,3.5
73,25,4.5
73,31,3.5
73,32,5
73,34,2.5
73,36,4.5
73,39,4
73,44,3
73,47,5
73,48,2
73,50,5
73,60,2
73,63,3.5
73,65,2
73,69,4
73,70,3.5
73,98,3
73,101,3.5
73,104,2.5
73,107,3
73,110,4
73,111,3.5
73,112,3.5
73,145,3
73,147,4.5
73,150,3.5
73,153,1
73,158,2
73,160,3
73,163,3.5
73,165,3.5
73,168,2.5
73,169,0.5
73,172,3.5
73,173,3
73,175,4.5
73,177,3
73,180,3.5
73,185,2.5
73,193,3
73,198,4
73,208,3
73,215,5
73,216,4
73,223,4.5
73,231,3.5
73,233,4
73,235,4
73,239,3
73,246,4.5
73,247,4
73,253,3.5
73,256,2.5
73,258,2
73,260,4.5
73,266,4
73,267,3
73,288,3.5
73,292,3
73,293,5
73,296,5
74,10,5
74,16,3
74,17,4
74,104,4
74,110,5
74,153,4
74,260,5
75,1,3
75,3,3
75,32,4
75,161,4
75,253,4.5
75,260,4.5
76,45,5
77,1,4
77,6,3.5
77,10,3
77,32,4
77,34,3.5
77,39,2.5
77,47,4
77,62,3.5
77,70,3.5
77,76,3.5
77,95,1.5
77,110,3.5
77,111,4
77,141,3
77,161,2
77,163,3
77,165,2.5
77,173,2.5
77,185,2
77,208,3
77,223,4.5
77,231,1
77,253,2.5
77,260,4
77,288,3.5
77,292,2.5
77,293,4
77,296,3.5
78,2,3.5
78,10,5
78,16,5
78,32,5
78,34,3.5
78,39,5
78,47,4
78,50,5
78,110,1.5
78,111,3.5
78,141,4
78,150,3.5
78,172,5
78,185,4.5
78,193,5
78,223,4.5
78,253,5
78,260,5
78,296,4.5
79,1,2
79,2,2.5
79,7,0.5
79,150,2.5
79,260,3
80,2,2
80,6,4
80,7,4
80,10,3
80,16,5
80,20,1
80,21,4
80,25,4
80,32,5
80,45,4
80,46,3
80,50,3
80,73,5
80,89,3
80,93,1
80,95,2
80,100,2
80,105,3
80,112,4
80,141,3
80,156,5
80,191,2
81,111,4
81,154,4
81,190,3
82,10,3
82,21,3
82,34,5
82,39,5
82,47,5
82,50,4
82,110,5
82,150,4
82,153,3
82,160,2
82,165,3
82,208,3
82,231,4
82,253,5
82,266,4
82,288,3
82,292,3
82,296,5
83,6,5
83,21,1
83,39,4
83,50,5
83,69,3.5
83,101,3.5
83,141,4
83,150,5
83,151,0.5
83,205,4
83,224,4
83,235,4.5
83,266,5
83,272,4.5
84,1,3.5
84,110,4
84,260,4
84,296,4
85,2,5
85,3,2
85,5,3
85,10,5
85,19,3
85,21,4
85,23,3
85,44,2
85,58,1
85,110,5
85,153,4
85,158,1
85,160,3
85,161,4
85,165,4
85,170,3
85,172,3
85,173,4
85,177,2
85,181,1
85,185,3
85,186,3
85,188,1
85,196,3
85,203,3
85,208,3
85,216,3
85,227,4
85,230,2
85,231,4
85,234,4
85,247,1
85,253,3
85,255,5
85,256,4
85,261,1
85,275,3
85,277,2
85,282,1
85,288,4
85,291,1
85,292,4
85,293,5
85,296,5
86,1,3
86,11,1
86,14,4
86,17,5
86,18,5
86,19,1
86,21,1
86,25,3
86,26,4
86,28,4
86,29,4
86,30,5
86,32,5
86,34,3
86,35,4
86,36,4
86,39,4
86,41,4
86,46,3
86,47,5
86,58,4
86,62,3
86,68,4
86,72,4
86,73,3
86,81,5
86,82,3
86,85,4
86,97,4
86,105,3
86,110,3
86,116,4
86,121,3
86,124,3
86,126,1
86,141,4
86,144,3
86,147,5
86,150,4
86,151,4
86,154,4
86,159,3
86,160,2
86,162,3
86,171,4
86,172,3
86,178,5
86,180,3
86,186,1
86,194,4
86,198,3
86,203,4
86,208,3
86,213,4
86,218,4
86,223,5
86,224,3
86,229,4
86,231,1
86,232,4
86,235,4
86,242,4
86,246,3
86,247,5
86,249,4
86,252,1
86,253,4
86,254,4
86,260,5
86,261,3
86,263,3
86,265,4
86,266,3
86,269,4
86,272,4
86,273,3
86,282,3
86,287,3
86,288,3
86,290,5
86,292,3
86,296,5
86,299,5
87,1,3
87,7,3
87,25,4
87,32,3
87,52,4
87,62,1
87,88,3
87,95,3
87,104,4
87,112,3
87,141,4
87,260,4
87,293,5
88,2,3.5
88,7,4
88,11,3.5
88,21,3.5
88,31,3
88,36,4
88,39,3
88,47,4
88,62,3.5
88,95,2
88,104,0.5
88,141,4.5
88,150,4
88,153,2
88,160,2
88,163,3
88,165,3
88,185,3
88,223,4.5
88,231,0.5
88,253,3
88,256,0.5
88,260,4
88,261,3.5
88,288,3
88,296,3.5
89,1,5
89,107,4
89,110,5
89,165,4
89,231,5
89,260,5
89,296,5
90,1,4
90,6,4
90,25,2
90,29,5
90,32,4
90,36,4
90,79,3
90,81,4
90,141,3
90,260,4
91,1,5
91,12,3.5
91,19,4
91,23,3.5
91,34,3
91,104,4
91,110,5
91,216,4
91,231,4.5
91,260,5
91,267,3.5
92,1,5
92,2,3
92,6,3
92,10,2
92,11,4
92,19,1
92,21,5
92,32,5
92,34,5
92,39,2
92,44,3
92,45,4
92,47,5
92,50,5
92,62,3
92,76,3
92,95,3
92,110,5
92,112,4
92,141,4
92,145,3
92,150,3
92,151,3
92,153,3
92,160,2
92,161,5
92,163,5
92,165,3
92,172,1
92,173,3
92,177,2
92,181,3
92,186,3
92,188,3
92,193,1
92,196,3
92,204,4
92,208,3
92,223,5
92,224,3
92,231,3
92,235,4
92,237,3
92,247,5
92,252,3
92,253,2
92,266,2
92,273,3
92,288,3
92,292,3
92,293,4
92,296,4
93,1,4
93,11,3.5
93,17,4
93,21,5
93,25,3.5
93,34,4
93,39,4
93,62,3.5
93,150,4
93,208,3
93,260,4
93,265,3.5
93,266,3.5
94,1,4
94,16,3.5
94,50,4
94,69,3
94,104,2.5
94,110,4.5
94,111,3.5
94,150,5
94,161,3.5
94,208,2
94,231,4
94,260,3
94,292,3.5
94,296,4
95,6,5
95,9,3
95,11,4
95,16,5
95,19,4
95,24,4
95,63,4
95,70,4
95,86,4
95,88,4
95,174,2
95,196,3
95,198,4
95,222,4
95,223,5
95,236,4
95,253,4
95,260,5
95,261,5
95,266,5
95,296,5
96,31,2.5
96,50,4
97,1,1
97,32,4.5
97,50,5
97,110,1
97,223,3.5
97,293,2
97,296,4
98,5,3
98,39,3
98,296,4.5
99,1,4
99,2,2
99,17,3
99,28,3
99,39,4
99,47,1
99,50,4
99,105,3
99,110,3
99,154,3
99,160,2
99,170,2
99,208,2
99,296,3
100,1,4
100,3,4
100,6,3
100,7,3
100,25,4
100,32,5
100,52,3
100,62,3
100,86,3
100,88,2
100,95,3
100,135,3
100,141,3
101,145,3.5
101,163,2.5
101,172,2.5
101,196,3.5
101,260,4
102,14,4
102,25,4
102,28,4
102,34,4
102,35,4
102,36,4
102,37,1
102,45,4
102,47,4
102,50,4
102,52,4
102,58,4
102,70,2
102,78,4
102,94,2
102,111,5
102,117,4
102,125,4
102,147,4
102,150,4
102,159,4
102,162,5
102,194,4
102,202,4
102,224,4
102,235,4
102,246,5
102,247,5
102,253,3
102,260,5
102,261,3
102,272,4
102,280,4
102,296,4
103,29,5
103,32,5
103,47,4.5
103,71,1
103,196,1.5
103,293,4.5
104,110,4.5
104,150,4
104,260,4
104,293,4.5
104,296,4
105,6,3
105,10,3.5
105,11,3.5
105,16,5
105,19,2
105,21,3.5
105,22,2.5
105,25,4
105,32,4
105,36,3
105,47,4
105,50,4.5
105,52,4
105,95,2.5
105,104,3.5
105,105,3.5
105,110,3.5
105,111,4
105,150,3
105,151,3.5
105,153,3
105,164,4
105,165,3.5
105,168,2
105,173,2
105,196,2.5
105,198,4
105,208,2.5
105,253,3.5
105,260,3
105,272,3.5
105,288,3.5
105,290,2.5
105,292,3.5
105,293,4
105,296,4
106,1,4
107,293,3
107,296,5
108,10,4
108,34,3
108,47,2
108,110,3
108,153,3
108,161,3
108,185,3
108,208,4
108,225,3
108,231,2
108,253,3
108,288,3
108,296,3
109,16,3.5
109,47,5
109,296,4.5
110,3,4
110,5,4
110,6,4
110,7,4
110,9,5
110,10,4
110,11,5
110,16,4
110,19,4
110,23,5
110,31,4
110,32,3
110,34,3
110,39,5
110,45,5
110,47,3
110,79,1
110,95,5
110,122,4
110,132,4
110,135,4
110,150,5
110,153,3
110,160,3
110,161,4
110,163,5
110,165,5
110,168,4
110,173,3
110,179,5
110,185,4
110,186,4
110,193,5
110,204,4
110,207,5
110,208,4
110,225,4
110,227,4
110,231,5
110,236,4
110,237,4
110,248,4
110,249,3
110,252,4
110,253,3
110,256,4
110,257,4
110,260,4
110,266,3
110,276,4
110,280,4
110,282,4
110,292,4
110,296,5
111,5,3
111,7,3.5
111,10,3.5
111,11,4
111,18,2.5
111,25,4
111,31,3.5
111,32,3.5
111,39,4.5
111,45,1
111,47,4
111,50,4
111,81,3
111,95,3
111,105,0.5
111,110,4
111,122,3.5
111,141,3.5
111,150,4
111,161,4
111,185,3
111,216,2.5
111,223,4
111,224,5
111,231,0.5
111,253,3.5
111,260,4
111,292,3.5
111,296,4.5
112,1,5
112,3,5
112,6,3
112,18,3
112,32,3
112,41,5
112,85,5
112,95,3
112,141,4
112,296,5
113,2,5
113,4,3
113,5,5
113,6,4
113,8,5
113,9,4
113,10,3
113,16,5
113,20,5
113,21,5
113,24,5
113,25,4
113,36,4
113,65,4
113,74,5
113,79,5
113,89,4
113,104,5
113,105,5
113,135,5
113,140,5
114,10,4
114,34,5
114,153,3
114,158,4
114,165,3
114,185,4
114,208,4
114,253,3
114,267,1
114,288,3
114,292,4
115,2,5
115,3,5
115,19,4
115,45,3.5
115,160,2
115,231,4.5
116,47,5
116,153,1.5
116,231,5
116,260,5
116,296,5
117,215,3.5
117,281,4
118,16,4
118,32,4
118,36,4
118,47,4
118,50,5
118,111,4
118,247,2
118,260,5
118,296,5
119,1,2
119,2,3
119,6,5
119,16,3
119,21,4
119,24,3
119,26,5
119,29,3
119,32,4
119,36,3
119,41,4
119,47,5
119,50,4
119,60,2
119,62,4
119,70,4
119,78,3
119,95,2
119,101,2
119,110,5
119,111,5
119,112,3
119,141,4
119,145,4
119,151,3
119,153,1
119,160,2
119,161,4
119,163,4
119,168,2
119,173,1
119,180,2
119,196,2
119,203,3
119,208,2
119,223,4
119,227,2
119,235,4
119,253,2
119,260,5
119,265,4
119,266,4
119,272,5
119,288,4
119,292,3
119,296,5
120,1,2.5
120,32,3.5
120,36,3
120,47,3.5
120,50,4
120,104,5
120,185,3
120,198,2.5
120,231,2
120,292,3
120,296,3.5
121,1,4
121,6,4
121,10,3
121,11,4
121,17,5
121,34,5
121,39,4
121,40,5
121,50,5
121,95,4
121,105,3
121,110,5
121,112,3
121,125,3
121,150,4
121,153,3
121,161,4
121,163,5
121,165,3
121,171,4
121,186,3
121,198,5
121,203,4
121,215,4
121,222,4
121,223,4
121,246,5
121,249,4
121,253,3
121,256,3
121,265,5
121,273,4
121,281,5
121,282,4
121,293,5
121,296,5
122,1,3
122,10,3
122,17,3
122,28,3
122,73,4
122,150,3
122,153,3
122,161,3
122,165,2
122,185,2
122,208,1
122,231,1
122,253,3
122,261,3
122,265,3
122,272,4
122,292,3
122,296,1
123,233,4
123,288,5
124,1,4.5
124,2,3
124,19,4
124,47,3.5
124,110,5
124,266,3
124,293,4.5
124,296,3
125,1,4
125,11,4
125,47,4.5
125,50,5
125,104,4
125,111,4
125,150,4.5
125,208,0.5
125,231,5
125,236,4.5
125,260,5
125,293,4.5
125,296,5
126,1,5
126,2,3
126,10,3
126,34,3
126,39,3
126,48,3
126,58,4
126,95,3
126,150,5
126,153,4
126,160,3
126,161,4
126,185,3
126,186,2
126,207,3
126,208,3
126,231,4
126,246,4
126,252,3
126,256,3
126,292,4
127,5,4
127,135,5
127,193,4
127,236,4
127,237,5
128,1,5
128,2,4
128,3,2
128,4,3
128,7,5
128,8,4
128,25,2
128,39,4
128,45,5
128,47,5
128,48,5
128,60,3
128,79,5
128,86,5
128,89,5
128,93,1
128,110,5
128,111,1
128,140,5
128,145,4
128,153,3
128,160,4
128,168,4
128,170,5
128,179,4
128,217,2
128,225,3
128,239,3
128,253,1
128,257,5
128,258,2
128,266,5
128,273,2
128,276,3
128,280,5
128,292,4
129,39,3
130,1,3
130,10,3.5
130,19,1
130,21,3.5
130,34,3
130,36,4
130,48,3
130,50,3.5
130,104,1.5
130,110,3
130,141,2.5
130,150,4
130,153,0.5
130,165,2
130,173,1
130,193,0.5
130,216,3
130,223,3
130,231,3.5
130,235,0.5
130,246,4
130,260,4.5
130,266,2.5
130,272,3.5
130,288,1
130,293,4
132,126,4
132,153,3.5
132,296,4.5
133,47,2.5
133,110,2.5
133,111,0.5
133,215,1
133,247,1
133,296,4
134,1,3.5
134,2,4.5
134,5,1
134,10,4
134,16,4
134,19,2
134,29,5
134,32,4.5
134,36,4
134,39,3.5
134,47,4.5
134,110,3
134,141,5
134,145,1
134,153,3
134,165,4
134,196,2
134,223,3
134,231,2.5
134,253,4
134,260,3.5
134,292,4.5
134,293,5
134,296,4.5
135,10,3
135,18,4
135,20,3
135,21,3
135,27,3
135,65,1
135,102,3
135,104,3
135,121,4
135,135,1
135,209,3
136,1,4.5
136,104,4.5
136,260,4.5
137,10,4
137,32,5
137,50,5
137,60,3
137,260,5
137,296,5
138,1,2
138,50,4
138,260,4
138,296,4.5
139,110,3.5
140,5,4.5
140,60,2
140,216,1
140,256,3.5
140,267,3.5
142,1,4
142,150,3
142,260,2
142,296,2
143,47,4.5
143,101,5
143,160,1.5
143,173,2
143,225,1
143,296,4
144,10,5
144,21,2
144,32,5
144,39,3
144,47,4
144,150,3
144,153,3
144,165,4
144,185,2
144,225,4
144,253,3
144,266,4
144,282,2
144,288,3
144,292,3
144,296,5
145,10,5
145,19,5
145,32,5
145,47,5
145,110,4
145,150,3
145,153,5
145,161,5
145,165,5
145,185,5
145,208,3
145,225,5
145,231,5
145,253,3
145,292,4
145,296,3
146,1,5
146,150,4
146,153,2
146,165,3
146,260,5
147,50,5
147,111,5
147,207,3.5
147,296,5
148,29,3.5
148,32,4
148,40,4.5
148,52,4
148,58,4
148,145,2
148,172,2.5
148,185,3
148,232,4.5
149,1,3
149,39,3.5
149,47,3.5
149,50,3
149,104,1
149,231,4
149,253,3.5
149,260,3.5
149,293,4.5
149,296,4
150,1,3
150,2,3
150,5,2.5
150,10,4
150,19,3
150,21,3.5
150,23,2
150,25,4
150,31,2.5
150,39,2.5
150,44,1
150,45,1.5
150,50,4.5
150,60,2.5
150,69,2.5
150,70,2.5
150,71,3
150,95,3
150,104,5
150,110,4.5
150,112,4
150,145,2.5
150,153,3
150,165,3.5
150,170,2.5
150,172,1
150,174,3
150,180,3
150,185,3.5
150,196,1.5
150,208,0.5
150,216,4.5
150,227,2.5
150,231,3
150,256,2
150,260,4.5
150,288,3
150,292,3
150,296,4.5
151,2,4
151,10,5
151,19,3
151,21,5
151,32,5
151,34,3
151,39,3
151,47,5
151,50,3
151,95,3
151,110,4
151,150,5
151,153,1
151,160,3
151,161,5
151,165,4
151,173,1
151,185,3
151,208,4
151,225,3
151,231,4
151,253,3
151,266,3
151,288,4
151,292,4
151,296,5
152,1,3.5
152,6,4
152,10,1.5
152,21,3.5
152,25,0.5
152,32,5
152,47,5
152,50,5
152,95,3.5
152,110,0.5
152,111,3.5
152,135,1.5
152,150,3.5
152,161,4
152,185,1.5
152,208,1.5
152,231,2
152,253,2
152,260,4
152,288,2
152,293,4
152,296,4.5
153,1,5
153,32,5
153,34,4
153,110,3
153,147,4
153,170,5
153,224,3
153,296,5
154,1,4
154,3,4
154,5,3
154,7,3
154,18,5
154,52,5
154,62,3
154,85,4
154,92,3
154,107,4
155,32,3
155,110,4
155,198,4
155,260,5
156,36,5
157,1,3.5
157,2,2.5
157,10,3.5
157,12,2
157,32,4
157,34,1
157,47,3.5
157,50,4
157,160,3
157,165,3
157,208,2
157,235,4.5
157,260,3.5
157,267,2.5
157,293,4.5
157,296,4
159,10,2.5
159,25,4.5
159,34,2
159,47,3.5
159,50,4.5
159,62,3.5
159,72,0.5
159,76,3
159,110,4
159,111,4
159,150,3.5
159,165,3.5
159,180,3
159,231,1.5
159,253,1.5
159,260,5
159,265,4
159,296,4.5
160,34,2
160,36,4
160,111,4
160,280,5
161,2,4
161,10,4
161,11,4
161,17,5
161,21,3
161,25,3
161,31,3
161,32,3
161,36,4
161,39,3
161,44,3
161,47,4
161,48,3
161,62,4
161,95,4
161,141,5
161,145,3
161,150,4
161,153,3
161,158,4
161,160,3
161,161,5
161,163,4
161,165,3
161,172,4
161,173,3
161,181,3
161,185,4
161,204,3
161,224,3
161,225,4
161,227,3
161,231,3
161,236,3
161,237,3
161,252,4
161,256,3
161,261,3
161,266,4
161,277,3
161,292,4
161,293,3
161,296,3
162,3,2
162,5,4
162,6,3
162,7,3
162,17,4
162,36,3
162,52,5
162,62,5
162,64,3
162,100,3
162,118,3
162,140,4
162,141,5
163,1,3
163,19,0.5
163,110,4
163,150,4.5
163,153,0.5
163,260,4
163,296,3
164,1,3.5
164,10,4
164,104,4
164,110,3
164,111,4.5
164,223,4.5
164,231,2
164,260,3
164,293,4
164,296,4.5
165,1,2.5
165,2,3
165,3,2.5
165,10,2.5
165,19,1
165,21,2.5
165,22,3.5
165,31,3.5
165,44,4
165,47,3.5
165,50,2
165,62,3.5
165,70,5
165,81,3
165,104,4
165,110,4.5
165,111,4
165,112,2
165,145,3.5
165,158,2
165,163,4
165,165,5
165,173,1.5
165,181,1
165,185,2.5
165,196,2
165,198,3
165,216,3.5
165,225,2
165,231,4
165,246,3
165,276,2
165,280,3.5
165,292,3
165,293,5
165,296,3.5
166,34,4
166,147,4.5
166,163,3.5
166,293,4.5
168,1,5
168,4,3
168,20,2
168,21,4
168,32,3
168,39,4
168,50,4
168,93,2
168,110,3
168,111,5
168,122,3
168,145,3
168,150,4
168,151,3
168,153,3
168,163,3
168,164,3
168,165,3
168,173,1
168,175,3
168,196,2
168,198,2
168,204,3
168,217,3
168,225,3
168,227,2
168,234,2
168,235,4
168,237,3
168,252,3
168,255,1
168,259,3
168,260,5
168,269,4
168,287,3
168,288,3
168,292,3
168,296,4
169,1,4
169,60,1.5
169,262,3.5
169,274,2
170,29,2.5
171,16,5
171,47,4
171,110,5
171,111,5
171,223,5
171,296,5
172,17,4
172,32,3
172,34,3
172,50,5
172,107,5
172,141,3
172,150,4
172,296,5
173,1,4
173,6,5
173,32,4
173,40,4
173,62,4
173,100,4
173,107,3
173,112,4
173,260,5
174,48,4.5
174,163,1.5
174,168,4
174,172,2
174,186,3.5
174,246,1
175,1,4
175,47,4
175,48,3
175,73,4
175,95,4
175,107,4
175,199,4
175,260,5
175,261,4
175,262,5
175,276,2
175,296,5
176,1,2
176,2,3
176,19,2
176,34,2
176,39,1
176,48,3
176,253,2
176,260,4
176,296,4
177,1,5
177,2,5
177,6,5
177,10,4
177,18,4
177,22,4
177,23,3
177,32,4
177,47,5
177,50,5
177,66,1
177,70,4
177,76,2
177,89,4
177,95,4
177,107,3
177,111,4
177,150,5
177,160,2
177,161,4
177,163,4
177,164,4
177,165,5
177,170,4
177,172,4
177,173,3
177,185,4
177,196,3
177,198,5
177,200,4
177,223,5
177,225,3
177,230,4
177,240,3
177,256,3
177,258,2
177,288,3
177,292,4
177,293,5
178,1,4
178,110,3.5
178,111,4.5
178,260,5
178,293,3.5
178,296,5
179,1,5
180,24,4
180,223,3
181,296,5
182,2,5
182,3,4
182,4,3
182,5,4
182,7,5
182,8,5
182,9,3
182,11,5
182,13,3
182,17,3
182,21,3
182,25,1
182,34,5
182,36,3
182,48,3
182,60,4
182,61,3
182,62,5
182,79,3
182,95,3
182,105,4
182,110,5
182,126,3
182,141,4
182,144,3
182,146,5
182,150,5
182,165,3
182,168,5
182,169,3
182,174,3
182,185,4
182,186,3
182,195,4
182,201,4
182,207,5
182,208,4
182,224,3
182,225,4
182,231,1
182,236,3
182,237,3
182,238,4
182,243,4
182,261,4
182,262,3
182,265,3
182,266,3
182,270,5
182,271,3
182,276,5
182,277,5
182,282,3
182,292,4
183,32,5
183,34,4
183,36,4
183,47,5
183,50,5
183,260,3
183,296,5
184,1,5
184,161,3
184,175,4
184,180,3
184,223,5
184,231,3
184,246,3
184,256,2
184,280,4
184,288,4
184,293,5
184,296,5
185,1,5
185,2,4
185,24,4
185,29,5
185,48,3
185,50,5
185,110,4
185,150,3
185,172,2
185,223,4
185,239,2
185,256,2
185,260,3
185,296,3
186,31,3
187,1,4
187,2,3
187,16,4
187,39,4.5
187,104,4
187,141,4
187,147,4
187,162,4
187,175,4
187,180,4.5
187,208,2.5
187,223,4.5
187,231,3.5
187,239,3
187,272,2
187,290,3
187,296,4.5
188,2,4
188,10,4
188,22,3
188,24,4
188,32,4
188,34,4
188,39,3
188,47,3
188,48,3
188,60,4
188,62,3
188,93,3
188,110,5
188,112,4
188,150,5
188,153,3
188,158,3
188,160,3
188,165,2
188,173,3
188,196,3
188,208,2
188,217,4
188,231,3
188,253,3
188,262,3
188,277,3
188,282,4
188,288,4
188,292,3
188,296,5
189,145,2
189,239,1
189,253,2
189,288,5
189,299,4
190,43,4
190,223,4
191,10,2
191,34,2
191,47,3
191,110,3
191,150,4
191,153,2
191,161,4
191,165,3
191,185,3
191,208,3
191,231,2
191,292,2
191,296,5
192,2,4
192,19,3
192,34,5
192,39,3
192,44,3
192,47,3
192,48,3
192,62,5
192,158,3
192,160,3
192,181,2
192,185,3
192,208,2
192,231,4
192,237,5
192,261,3
192,266,5
192,277,4
193,1,4
193,16,4
193,105,4
193,111,5
193,277,4
193,296,3
194,19,3
194,32,4
194,44,3
194,95,3
194,110,4
194,150,4
194,151,3
194,158,3
194,160,3
194,165,4
194,172,3
194,173,3
194,196,3
194,204,4
194,208,3
194,225,4
194,231,3
194,253,3
194,292,3
194,296,3
195,6,4
195,25,3
195,34,4
195,39,3
195,42,2
195,60,2
195,95,3
195,104,1
195,110,3
195,111,2
195,112,1
195,150,3
195,164,4
195,165,1
195,196,2
195,208,1
195,235,4
195,246,2
195,258,2
195,260,5
195,281,3
195,288,3
195,296,3
196,5,4
196,261,4
196,265,5
197,32,3
197,260,5
197,295,2
198,36,5
199,6,4.5
199,10,2.5
199,12,4
199,16,4
199,23,3.5
199,25,4
199,32,3.5
199,44,4
199,47,4.5
199,50,4.5
199,110,4.5
199,111,4
199,173,4
199,180,3.5
199,208,3.5
199,260,5
199,292,4
199,293,4.5
199,296,5
200,1,3
200,2,3.5
200,32,4
200,110,3.5
200,145,4.5
200,170,4
200,185,2
200,293,4.5
200,296,4
201,1,5
201,6,5
201,32,5
201,34,4
201,47,5
201,50,5
201,58,4
201,104,3
201,110,5
201,150,5
201,153,4
201,165,4
201,186,3
201,235,1
201,260,5
201,293,5
201,296,5
202,296,4
203,23,3.5
203,50,5
204,16,4
204,58,2.5
204,112,2.5
204,151,3
205,1,4.5
205,10,3.5
205,47,4.5
205,50,5
205,110,3
205,260,3
207,24,0.5
207,44,0.5
207,69,5
207,256,3
207,296,5
208,16,4
208,231,5
208,296,4.5
209,163,4
209,172,2
209,196,3
210,16,2.5
210,34,2.5
211,17,4
211,29,5
211,32,5
211,43,5
211,52,5
211,62,5
211,82,5
211,94,3
211,110,5
211,141,5
212,1,3
212,2,3
212,5,2.5
212,10,3.5
212,16,4
212,17,3.5
212,19,1.5
212,28,4
212,32,3.5
212,34,3
212,36,4
212,39,2
212,44,2
212,47,3.5
212,48,3.5
212,50,3.5
212,95,3.5
212,104,3
212,110,5
212,145,2.5
212,147,2
212,150,4
212,151,3
212,153,2.5
212,158,3
212,163,2.5
212,165,3
212,168,3
212,172,2
212,173,1.5
212,180,3.5
212,185,3
212,186,2.5
212,208,1
212,216,3
212,223,4
212,224,3
212,231,1
212,235,4
212,253,4
212,260,4
212,261,2.5
212,266,4
212,292,3.5
212,296,4
213,1,3
213,2,3
213,7,2
213,13,2.5
213,15,3
213,19,2
213,24,2.5
213,32,1.5
213,34,1.5
213,39,2
213,47,2.5
213,48,2
213,60,2
213,89,3.5
213,95,2
213,104,2
213,110,2.5
213,141,2
213,150,1.5
213,153,4
213,158,3
213,160,3
213,165,3.5
213,168,3.5
213,170,3
213,172,2.5
213,173,2
213,185,3
213,196,2.5
213,204,2.5
213,208,4
213,216,1
213,239,1.5
213,253,2.5
213,256,0.5
213,260,5
213,292,4
213,293,3
214,10,3
214,25,3
214,32,3
214,36,4
214,47,4
214,50,5
214,110,5
214,111,5
214,260,5
214,265,3
214,288,3
214,292,3
214,293,3
214,296,4
215,1,3
215,6,3
215,86,3
215,111,4
215,260,3
215,265,5
216,47,5
216,48,4
216,260,3.5
216,293,4
217,3,4.5
217,16,4
217,104,4.5
217,110,4
217,112,3
217,135,3.5
217,236,2.5
217,260,5
217,282,1
218,2,2.5
218,223,4
218,260,4
219,1,5
219,11,4
219,16,2
219,19,3
219,34,3
219,39,4
219,47,4
219,50,4
219,104,5
219,122,4
219,180,3
219,216,5
219,223,2
219,231,5
219,235,3
219,260,3
219,296,4
220,1,2
220,16,5
220,17,5
220,34,4
220,36,4
220,62,4
220,110,4
220,208,2
220,231,2
220,260,5
220,272,5
220,282,4
220,293,5
220,296,5
221,16,3
221,112,3
221,163,2.5
221,172,2.5
221,173,2.5
222,229,4
223,5,4
223,6,4
223,7,3
223,32,4
223,36,4
223,41,4
223,62,4
223,81,3
223,86,5
223,102,3
223,113,2
223,141,3
223,260,5
224,1,4
224,2,4
224,6,5
224,10,3
224,16,5
224,17,5
224,21,4
224,25,4
224,28,5
224,29,4
224,30,4
224,32,5
224,34,5
224,35,4
224,36,5
224,43,4
224,47,4
224,50,4
224,52,4
224,55,4
224,58,3
224,82,4
224,85,4
224,94,4
224,95,3
224,100,4
224,103,4
224,110,5
224,125,4
224,149,5
224,150,5
224,151,4
224,153,4
224,154,4
224,158,5
224,162,5
224,165,4
224,173,4
224,175,5
224,193,4
224,213,5
224,223,5
224,232,4
224,233,5
224,235,5
224,242,4
224,247,4
224,249,4
224,253,4
224,260,4
224,265,4
224,272,4
224,288,5
224,296,5
224,299,4
225,47,5
225,110,4
225,150,4
225,153,4
225,185,3
225,208,4
225,231,3
225,253,5
225,296,3
228,260,5
230,223,3.5
230,293,5
231,50,5
231,111,4
231,296,5
232,1,3
232,11,4
232,17,5
232,25,1
232,32,5
232,50,5
232,62,5
232,95,4
232,100,5
232,102,2
232,105,4
232,110,5
232,111,5
232,126,3
232,141,3
232,150,4
232,151,2
232,153,4
232,164,5
232,208,4
232,216,4
232,224,5
232,235,5
232,252,4
232,253,5
232,260,5
232,261,5
232,265,5
232,275,1
232,282,4
232,296,5
233,3,3
233,7,3
233,14,3
233,17,5
233,58,3
233,79,3
233,86,3
233,95,3
233,100,3
233,140,3
233,141,4
234,260,4.5
235,5,4.5
235,6,4
235,11,3.5
235,47,3
235,48,3
235,50,5
235,62,4.5
235,110,2.5
235,141,3.5
235,161,4.5
235,222,4.5
235,225,4.5
235,236,4
235,237,5
235,261,3
235,292,5
235,296,4.5
236,6,3
236,7,3.5
236,10,3
236,30,4.5
236,32,4
236,47,2.5
236,111,4.5
236,260,3
236,273,2
236,296,3
237,1,3
237,32,2
237,110,1.5
237,153,2.5
237,198,4
237,260,4
237,272,4.5
237,292,3.5
237,296,4.5
238,231,3
239,3,4
239,4,3
239,5,3
239,11,4
239,39,5
239,65,2
239,69,5
239,88,2
239,104,4
239,135,4
239,141,4
239,153,3
239,157,4
239,180,4
239,181,1
239,203,4
239,216,4
239,223,4
239,232,4
239,248,4
239,252,4
239,276,3
239,289,5
240,1,4.5
240,16,3.5
240,17,4
240,21,3
240,32,4.5
240,34,4.5
240,36,4
240,39,4.5
240,47,4
240,50,2.5
240,58,4
240,111,5
240,141,3.5
240,150,4
240,165,3.5
240,236,4.5
240,261,4
240,282,3
240,296,3.5
241,1,3
241,2,3
241,5,2
241,34,4
241,36,4
241,47,3
241,48,2
241,50,4
241,150,2
241,153,3
241,158,3
241,160,2
241,181,3
241,194,5
241,196,3
241,223,3
241,230,3
241,231,3
241,235,4
241,247,3
241,253,3
241,261,3
241,296,4
242,1,5
242,6,4
242,11,5
242,16,5
242,21,5
242,22,4
242,25,4
242,31,4
242,34,4
242,36,5
242,47,4
242,50,5
242,52,4
242,95,4
242,100,4
242,110,5
242,111,5
242,141,3
242,144,4
242,150,5
242,164,5
242,165,4
242,185,4
242,198,4
242,205,4
242,208,5
242,215,4
242,248,3
242,252,3
242,257,4
242,260,5
242,280,4
242,296,5
243,10,3.5
243,19,3
243,34,3.5
243,44,1.5
243,47,4
243,48,2.5
243,93,2
243,110,4
243,150,2.5
243,151,3
243,153,2
243,158,2
243,168,3
243,172,2
243,173,2.5
243,177,3
243,186,3
243,208,2.5
243,231,4
243,253,4
243,260,5
243,261,4
243,273,3
243,296,4.5
244,110,3.5
244,260,5
245,22,3
245,36,4
245,46,3
245,47,2
245,50,4
245,62,5
245,110,5
245,219,4
245,246,4
245,296,2
246,208,3
247,1,4
247,7,3
247,9,3
247,10,4
247,11,4
247,12,3
247,19,4
247,39,3
247,44,3
247,45,3
247,69,4
247,70,3
247,104,4
247,110,5
247,145,3
247,153,3
247,160,3
247,163,4
247,165,4
247,185,3
247,196,4
247,198,3
247,204,3
247,208,4
247,216,3
247,231,4
247,260,5
247,288,2
247,292,4
247,293,4
247,296,3
248,32,4
248,110,5
248,151,4
248,161,5
248,266,5
249,10,4
249,11,4
249,153,2
249,165,4
249,231,3
250,111,4
250,165,4.5
251,110,4
251,260,4.5
251,296,4
252,1,3
252,6,3
252,7,4
252,12,5
252,25,5
252,32,4
252,79,2
252,95,4
252,104,3
252,135,4
252,260,4
253,1,4.5
253,2,4
253,10,4
253,16,2
253,19,1
253,20,1.5
253,34,4.5
253,62,4.5
253,104,3.5
253,110,5
253,150,4
253,151,4.5
253,172,2
253,173,2
253,204,1
253,223,4
253,231,4.5
253,260,4.5
253,296,4
254,9,3
254,19,3
254,22,3
254,23,2
254,29,5
254,31,3
254,34,5
254,39,2
254,44,3
254,47,3
254,48,1
254,50,5
254,72,4
254,82,5
254,112,3
254,122,3
254,132,3
254,145,3
254,146,4
254,147,3
254,149,4
254,150,3
254,153,3
254,154,5
254,156,4
254,160,4
254,162,4
254,163,4
254,165,4
254,172,2
254,173,3
254,175,3
254,176,5
254,178,5
254,181,3
254,184,4
254,193,3
254,194,4
254,196,4
254,198,4
254,204,3
254,206,3
254,207,3
254,208,3
254,223,4
254,227,3
254,231,2
254,232,5
254,233,4
254,234,3
254,235,4
254,236,3
254,240,2
254,253,3
254,260,4
254,265,5
254,275,4
254,287,4
254,288,3
254,291,1
254,292,3
254,296,3
255,18,2.5
255,19,1.5
255,105,4
255,158,2
255,231,2.5
255,256,1.5
256,3,3
256,5,3
256,6,3
256,7,3
256,9,3
256,14,4
256,25,5
256,32,1
256,36,3
256,52,4
256,62,4
256,79,3
256,95,3
256,100,3
256,140,3
256,141,4
257,110,1.5
257,111,5
257,260,3.5
257,296,5
258,260,4
259,34,3
259,246,5
259,260,2
259,288,2
260,69,3
260,231,3.5
260,260,5
261,1,1.5
261,19,5
261,32,4
261,50,5
261,110,5
261,112,0.5
261,150,3.5
261,231,4.5
261,235,0.5
261,260,4
262,1,2.5
262,2,2
262,19,2.5
262,29,3
262,34,2
262,39,2.5
262,47,5
262,70,2
262,97,3
262,110,3
262,111,3.5
262,154,2
262,175,5
262,231,2.5
262,247,4
262,253,3
262,288,4
262,293,4
262,296,4
263,21,3.5
263,62,3.5
263,110,3.5
263,168,3
263,296,3
264,39,5
265,21,4
265,25,4
265,36,4
265,41,4
265,50,5
265,58,3
265,111,4
265,154,4
265,281,5
266,14,4
266,34,3
266,36,5
266,39,5
266,50,4
266,62,4
266,105,3
266,150,5
266,185,3
266,225,3
266,282,4
266,292,3
266,296,3
267,47,4.5
267,50,4
267,260,4.5
267,296,5
268,1,5
268,2,3.5
268,6,2.5
268,10,3
268,11,3.5
268,17,3
268,19,2
268,21,2.5
268,32,3
268,34,4.5
268,39,3.5
268,47,4
268,48,2.5
268,50,3.5
268,104,3.5
268,110,4.5
268,111,3
268,150,4.5
268,153,2
268,163,3
268,165,3.5
268,173,2.5
268,193,2
268,223,3
268,231,3.5
268,235,4.5
268,253,3
268,260,5
268,288,3
268,293,4
268,296,5
270,47,4
270,50,4
270,223,4
270,260,4
270,296,4.5
271,16,3.5
271,32,4
271,50,3.5
271,104,2
271,110,4
271,260,5
271,296,4.5
272,1,4
272,260,4
273,1,4.5
273,150,3.5
273,260,5
273,296,4.5
274,22,2.5
274,198,3.5
274,293,4
274,296,4
275,1,5
275,3,4
275,16,4.5
275,39,4.5
275,50,3.5
275,101,4.5
275,110,5
275,231,5
275,293,5
276,70,3
276,153,1.5
276,168,1.5
276,186,3
277,110,5
277,260,5
278,80,5
278,111,4
278,260,2
278,296,4
279,2,3
279,10,3
279,21,1
279,34,3
279,47,3
279,50,5
279,110,4
279,150,4
279,151,3
279,153,2
279,160,2
279,161,3
279,165,3
279,173,2
279,185,3
279,196,3
279,225,3
279,231,3
279,236,4
279,252,2
279,253,2
279,266,3
279,282,3
279,292,5
279,296,2
280,11,3
280,17,5
280,28,5
280,58,4
280,260,5
281,150,3.5
281,153,3
281,231,3
281,260,4
281,296,4.5
282,1,4
282,10,3
282,22,3
282,32,3.5
282,110,4.5
282,150,4.5
282,165,4
282,260,4.5
282,296,3.5
283,1,3
283,7,3.5
283,17,2.5
283,32,4
283,36,3
283,47,3
283,50,4
283,58,4
283,105,3
283,150,4
283,265,4
283,288,3.5
283,296,4.5
284,1,3
284,3,3
284,5,4
284,6,5
284,7,1
284,12,1
284,14,3
284,17,1
284,25,3
284,32,4
284,36,4
284,62,3
284,76,3
284,78,2
284,79,5
284,81,3
284,86,4
284,95,3
284,100,5
284,103,4
284,107,2
284,140,3
285,1,4
285,2,3
285,3,3
285,10,4
285,19,1
285,32,5
285,44,2
285,47,5
285,50,5
285,60,4
285,63,2
285,69,4
285,70,4
285,93,2
285,104,4
285,110,5
285,112,3
285,153,2
285,157,4
285,160,1
285,163,4
285,168,2
285,170,4
285,173,3
285,176,5
285,177,5
285,180,4
285,181,1
285,185,3
285,188,5
285,198,4
285,223,5
285,231,1
285,234,3
285,235,5
285,252,3
285,253,5
285,255,2
285,260,5
285,288,5
285,292,2
285,293,5
285,296,4
286,23,4
286,150,5
287,1,5
287,2,5
287,13,4.5
287,260,4
288,2,4
288,6,3
288,10,3
288,19,5
288,25,4
288,31,3
288,39,3
288,44,1
288,47,5
288,105,3
288,110,5
288,150,3
288,153,2
288,158,5
288,160,2
288,161,3
288,163,4
288,165,4
288,173,3
288,185,3
288,186,5
288,204,5
288,208,4
288,224,5
288,227,5
288,231,4
288,256,4
288,261,3
288,276,4
288,288,5
288,292,3
288,296,5
290,10,4.5
290,47,5
290,50,4.5
290,111,4
290,145,4.5
290,150,4
290,165,4.5
290,260,4
290,293,5
291,47,4.5
291,163,3
291,223,4
291,249,3.5
292,1,4
292,2,3.5
292,5,4
292,10,4
292,11,4.5
292,16,4.5
292,32,4.5
292,39,4.5
292,47,4.5
292,50,5
292,62,4
292,70,3.5
292,95,3.5
292,110,4
292,141,4
292,150,4
292,153,3.5
292,158,4
292,173,3
292,180,4.5
292,185,3
292,208,3.5
292,223,4
292,231,3
292,236,3
292,260,4.5
292,261,4
292,262,4.5
292,277,4
292,292,4.5
292,296,5
293,1,4
293,76,3.5
293,110,3.5
293,147,4
293,247,2
293,260,2.5
294,1,4
294,5,3.5
294,7,5
294,10,3.5
294,11,3
294,12,4
294,17,4
294,26,3.5
294,28,4.5
294,34,3
294,39,4
294,44,3
294,48,3.5
294,62,3.5
294,73,4
294,92,3.5
294,104,3.5
294,107,4
294,110,3
294,112,3
294,153,4
294,160,3.5
294,163,4
294,165,3
294,168,3
294,170,3
294,185,3.5
294,193,3
294,203,4
294,207,3
294,224,4
294,225,3
294,234,3
294,235,3
294,236,4
294,237,4.5
294,252,4.5
294,253,3
294,260,4
294,261,3.5
294,262,3.5
294,265,3
294,270,4
294,289,4
294,292,3
295,6,4.5
295,10,4.5
295,39,4
295,47,4.5
295,50,4.5
295,95,4
295,110,4
295,112,3
295,150,4.5
295,153,3
295,163,4.5
295,165,4
295,185,3.5
295,186,3.5
295,208,3.5
295,231,4
295,260,5
295,292,3
295,293,4.5
295,296,4
297,65,0.5
297,104,2
297,111,3.5
297,223,5
297,260,4
297,296,4.5
298,2,5
298,6,3.5
298,19,4
298,260,4
299,16,4.5
299,29,4.5
299,32,5
299,47,4.5
299,70,4.5
299,111,4.5
299,117,4
299,163,4.5
299,166,5
299,175,4
299,178,3.5
299,180,3.5
299,223,4.5
299,235,5
299,247,4
299,288,5
299,296,3
